PDB_ID,Chain,Res_Name,Res_ID,Expt_pKa,Uniprot_ID,Uni_resid
P00644-V66D-dPHS,A,ASP,60,8.9,P00644,148
P00644-L36D-dPHS,A,ASP,36,7.9,P00644,118
P00644-A109D-dPHS,A,ASP,103,7.5,P00644,191
P00644-A132D-dPHS,A,ASP,126,7.0,P00644,214
P00644-I92D-dPHS,A,ASP,92,8.1,P00644,174
P00644-V104D-dPHS,A,ASP,104,9.7,P00644,186
P00644-L25D-dPHS,A,ASP,25,6.8,P00644,107
P00644-F34D-dPHS,A,ASP,34,7.8,P00644,116
P00644-L37D-dPHS,A,ASP,37,4.0,P00644,119
P00644-Y91D-dPHS,A,ASP,91,7.2,P00644,173
P00644-G20D-dPHS,A,ASP,20,4.0,P00644,102
P00644-T41D-dPHS,A,ASP,41,4.0,P00644,123
P00644-V39D-dPHS,A,ASP,39,8.1,P00644,121
P00644-L125D-dPHS,A,ASP,119,7.6,P00644,207
P00644-V74D-dPHS,A,ASP,74,8.3,P00644,156
P00644-V23D-dPHS,A,ASP,23,6.8,P00644,105
P00644-A58D-dPHS,A,ASP,58,6.8,P00644,140
P00644-N118D-dPHS,A,ASP,118,7.0,P00644,200
P00644-V99D-dPHS,A,ASP,99,8.5,P00644,181
P00644-L103D-dPHS,A,ASP,103,8.7,P00644,185
P00644-A90E-dPHS,A,GLU,90,6.4,P00644,172
P00644-I72E-dPHS,A,GLU,72,7.3,P00644,154
P00644-Y91E-dPHS,A,GLU,91,7.1,P00644,173
P00644-L125E-dPHS,A,GLU,119,9.1,P00644,207
P00644-V39E-dPHS,A,GLU,39,8.2,P00644,121
P00644-V23E-dPHS,A,GLU,23,7.1,P00644,105
P00644-I92E-dPHS,A,GLU,92,9.0,P00644,174
P00644-T41E-dPHS,A,GLU,41,6.8,P00644,123
P00644-N118E-dPHS,A,GLU,112,4.5,P00644,200
P00644-F34E-dPHS,A,GLU,34,7.3,P00644,116
P00644-N100E-dPHS,A,GLU,94,7.6,P00644,182
P00644-L36E-dPHS,A,GLU,36,8.7,P00644,118
P00644-T62E-dPHS,A,GLU,62,7.7,P00644,144
P00644-V99E-dPHS,A,GLU,99,8.4,P00644,181
P00644-A109E-dPHS,A,GLU,109,7.9,P00644,191
P00644-A132E-dPHS,A,GLU,126,7.0,P00644,214
P00644-V74E-dPHS,A,GLU,68,7.8,P00644,156
P00644-V66E-dPHS,A,GLU,66,8.5,P00644,148
P00644-L103K-dPHS,A,LYS,103,8.2,P00644,185
P00644-L36K-dPHS,A,LYS,36,7.2,P00644,118
P00644-V99K-dPHS,A,LYS,99,6.5,P00644,181
P00644-N118K-dPHS,A,LYS,112,10.4,P00644,200
P00644-V39K-dPHS,A,LYS,39,9.0,P00644,121
P00644-T62K-PHS,A,LYS,62,8.1,P00644,144
P00644-L38K-dPHS,A,LYS,38,10.4,P00644,120
P00644-I92K-dPHS,A,LYS,92,5.3,P00644,174
P00644-V66K-dPHS,A,LYS,66,5.6,P00644,148
P00644-A58K-dPHS,A,LYS,52,10.4,P00644,140
P00644-I72K-dPHS,A,LYS,72,8.6,P00644,154
P00644-A90K-dPHS,A,LYS,84,8.6,P00644,172
P00644-N100K-dPHS,A,LYS,94,8.6,P00644,182
P00644-V23K-dPHS,A,LYS,23,7.3,P00644,105
P00644-F34K-dPHS,A,LYS,34,7.1,P00644,116
P00644-L37K-dPHS,A,LYS,37,10.4,P00644,119
P00644-V74K-dPHS,A,LYS,74,7.4,P00644,156
P00644-A109K-dPHS,A,LYS,103,9.2,P00644,191
P00644-V66K-PHS,A,LYS,60,6.4,P00644,148
P00644-T62D-dPHS,A,ASP,62,8.7,P00644,144
P00644-N100D-dPHS,A,ASP,100,6.9,P00644,182
P00644-A90D-dPHS,A,ASP,90,7.5,P00644,172
P00644-A58E-dPHS,A,GLU,52,7.7,P00644,140
P00644-V104E-dPHS,A,GLU,104,9.4,P00644,186
P00644-L38E-dPHS,A,GLU,38,6.8,P00644,120
P00644-A132K-dPHS,A,LYS,126,10.4,P00644,214
P00644-V104K-dPHS,A,LYS,104,7.7,P00644,186
P00644-T41K-dPHS,A,LYS,41,9.3,P00644,123
P00644-L38D-dPHS,A,ASP,38,6.8,P00644,120
P00644-V66D-PHS,A,ASP,66,8.7,P00644,148
P00644-I72D-dPHS,A,ASP,72,7.6,P00644,154
P00644-L25E-dPHS,A,GLU,25,7.5,P00644,107
P00644-L37E-dPHS,A,GLU,37,5.2,P00644,119
P00644-L103E-dPHS,A,GLU,97,8.9,P00644,185
P00644-G20E-dPHS,A,GLU,20,4.5,P00644,102
P00644-Y91K-dPHS,A,LYS,85,9.0,P00644,173
P00644-G20K-dPHS,A,LYS,20,10.4,P00644,102
P00644-L38DE122Q-dPHS,A,ASP,38,6.6,P00644,120
P00644-L38ED77N-dPHS,A,GLU,38,6.1,P00644,120
P00644-L38EE122Q-dPHS,A,GLU,38,6.2,P00644,120
P00644-L38EE122D-dPHS,A,GLU,38,7.4,P00644,120
P00644-L38ER126Q-dPHS,A,GLU,38,7.2,P00644,120
P00644-L38KE122Q-PHS,A,LYS,38,10.4,P00644,120
P00644-L38KE122A-PHS,A,LYS,38,10.4,P00644,120
P00644-V66KK64A-dPHS,A,LYS,66,5.7,P00644,142
P00644-V66KK64G-dPHS,A,LYS,66,6.3,P00644,142
P00644-V66KE67A-dPHS,A,LYS,66,6.6,P00644,142
P00644-V66KE67G-dPHS,A,LYS,66,6.4,P00644,142
P00644-L25K-dPHS,A,LYS,25,6.3,P00644,107
P00644-L125K-dPHS,A,LYS,125,6.2,P00644,201
P00644-K64GV66KE67G-dPHS,A,LYS,66,7.1,P00644,142
