aug_PDB_ID,aug_ID,pkad_PDB_ID,pkad_ID,Expt_pKa,cossim,aug_Uniprot_ID,aug_Uni_resid,percent_identity,local_percent_identity
4QQ7,B4E6Q3-0-S-4QQ7_B_C_10_10,1FOV,P0AC62-0-S-1FOV_A_C_11_12,4.1,0.80827576,B4E6Q3,10.0,19.090909090909093,34.48275862068966
3GKX,Q5L9Z8-0-S-3GKX_B_C_11_11,1FOV,P0AC62-0-S-1FOV_A_C_11_12,4.1,0.8589562,Q5L9Z8,11.0,20.51282051282051,20.588235294117645
4YAP,G2IN94-0-S-4YAP_A_C_15_15,1FOV,P0AC62-0-S-1FOV_A_C_11_12,4.1,0.80529916,G2IN94,15.0,16.25441696113074,21.875
4HOJ,O33374-0-S-4HOJ_A_C_10_10,1FOV,P0AC62-0-S-1FOV_A_C_11_12,4.1,0.8169678,O33374,10.0,18.91891891891892,23.076923076923077
5CAX,Q8TQ93-0-S-5CAX_A_C_30_30,1FOV,P0AC62-0-S-1FOV_A_C_11_12,4.1,0.93318766,Q8TQ93,30.0,22.388059701492537,17.5
3IC4,O28736-0-S-3IC4_A_C_12_12,1FOV,P0AC62-0-S-1FOV_A_C_11_12,4.1,0.9467168,O28736,12.0,27.419354838709676,24.324324324324326
3RDW,A0A5P8YJ13-0-S-3RDW_A_C_12_12,1FOV,P0AC62-0-S-1FOV_A_C_11_12,4.1,0.8142647,A0A5P8YJ13,12.0,21.333333333333336,27.586206896551722
3GFK,O31602-0-S-3GFK_A_C_10_10,1FOV,P0AC62-0-S-1FOV_A_C_11_12,4.1,0.8617894,O31602,10.0,23.52941176470588,33.33333333333333
1TTZ,Q8P6W3-0-S-1TTZ_A_C_11_11,1FOV,P0AC62-0-S-1FOV_A_C_11_12,4.1,0.8668433,Q8P6W3,11.0,25.892857142857146,23.076923076923077
4MJE,P73492-0-S-4MJE_A_C_26_15,1FOV,P0AC62-0-S-1FOV_A_C_11_12,4.1,0.9654881,P73492,15.0,46.666666666666664,31.70731707317073
